Deceased Donor Registration For Tx Centers File Layout for 2015,,,,,,,,,
CDRTX,,,,,,,,,
UNOS,,,,,OMOP Vocabulary,,,,
Field #,Label,Name ,Type Len,Lookup,Concept_ID,Concept_Name,Domain,Concept_Class,Vocabulary
0,RECORD KEY:,donor_cad_id,N(12),,,,,,
1,Donor ID:,don_id,A(7),,,,,,
2,Referral Flag:,referral_flg,A(1),,,,,,
3,Referral Date:,referral_dt,A(8),,,,,,
4,Recovered Outside the U.S.:,recov_out_us,A(1),,,,,,
5,Country:,recov_country,A(3),lkup_ctry,,,,,
6,Last Name:,lname,A(25),,,,,,
7,First Name:,fname,A(15),,,,,,
8,DOB:,dob,A(8),,4083587,Date of birth,Observation,Observable Entity,SNOMED
9,Gender:,gender,A(1),,4135376,Gender,Observation,Observable Entity,SNOMED
10,Age:,age_in_months,N(5),,,,,,
11,Age Unit:,age_unit,A(1),lkup_age_unit,,,,,
12,Home City:,home_city,A(20),,,,,,
13,State:,home_state,A(2),lkup_state,,,,,
14,Zip Code:,home_zip,A(9),,,,,,
15,Ethnicity/Race:,race,N(19),lkup_race_subcat_multi,3050381,Race or ethnicity [OASIS],Observation,Survey,LOINC
16,Citizenship:,citizenship,N(5),lkup_citizen_ddr,,,,,
17,Home Country:,citizen_country,A(3),lkup_ctry,,,,,
18,Cause of Death:,cod,N(5),lkup_don_cod,4083743,Cause of death,Observation,Clinical Finding,SNOMED
19,Cause of Death //Specify:,cod_ostxt,A(50),,,,,,
20,Mechanism of Death:,death_mech,N(5),lkup_death_mech,,,,,
21,Circumstances of Death:,death_circum,N(5),lkup_death_circum,4083743,Cause of death,Observation,Clinical Finding,SNOMED
22,Medical Examiner/Coroner:,med_exam,N(5),lkup_medexam_report,,,,,
23,Did the patient have written documentation of their intent to be a donor:,consent_writ_doc_intent,A(1),,,,,,
24,Driver's license,consent_drive_lic,N(1),,,,,,
25,Donor Card,consent_don_card,N(1),,,,,,
26,Donor Registry,consent_don_regis,N(1),,,,,,
27,Durable Power of Attorney / Healthcare Proxy,consent_attorney,N(1),,,,,,
28,Other Authorization Mechanism //Other Specify,consent_doc_mech_ostxt,A(50),,,,,,
29,Was the authorization based solely on this documentation,consent_px_writ_doc,A(1),,,,,,
30,Did the patient express to family or others the intent to be a donor:,express_family,A(1),,,,,,
31,Date and time of pronouncement of death: (Complete for brain dead and DCD donors):,brain_dth_time,A(14),,,,,,
32,Date and time authorization obtained for organ donation:,consent_time,A(14),,,,,,
33,ABO Blood Group:,abo,A(3),lkup_abo,3002529,ABO group [Type] in Blood,Measurement,Lab Test,LOINC
34,Height:,hgt_cm,N(11),,3036277,Body height,Measurement,Clinical Observation,LOINC
35,Height in cm Status //ST=,hgt_cm_I,A(1),lkup_field_stat_cd,,,,,
36,Weight:,wgt_kg,N(11),,3025315,Body weight,Measurement,Clinical Observation,LOINC
37,Weight in kg Status //ST=,wgt_kg_I,A(1),lkup_field_stat_cd,,,,,
38,Serum Creatinine:,creat,N(11),,3016723,Creatinine serum/plasma,Measurement,Lab Test,LOINC
39,Serum Creatinine Status //ST=,creat_I,A(1),lkup_field_stat_cd,,,,,
40,BUN:,bun,N(11),,4216411,Blood urea nitrogen,Observation,Substance,SNOMED
41,BUN Status //ST=,bun_I,A(1),lkup_field_stat_cd,,,,,
42,Total Bilirubin:,tbili,N(11),,3024128,Total Bilirubin serum/plasma,Measurement,Lab Test,LOINC
43,Total Bilirubin Status //ST=,tbili_I,A(1),lkup_field_stat_cd,,,,,
44,SGOT/AST:,sgot,N(11),,,,,,
45,SGOT/AST Status //ST=,sgot_I,A(1),lkup_field_stat_cd,,,,,
46,SGPT/ALT:,sgpt,N(11),,,,,,
47,SGPT/ALT Status //ST=,sgpt_I,A(1),lkup_field_stat_cd,,,,,
48,Protein in Urine:,protein_urine,A(1),,4174522,Urine protein,Observation,Substance,SNOMED
49,Serum Sodium //Serum Sodium:,sodium170_val,N(11),,3019550,Sodium serum/plasma,Measurement,Lab Test,LOINC
50,Serum Sodium Status //ST=,sodium170_val_i,A(1),lkup_field_stat_cd,,,,,
51,INR:,inr,N(11),,3022217,INR,Measurement,Lab Test,LOINC
52,INR Status //ST=,inr_i,A(1),lkup_field_stat_cd,,,,,
53,Blood pH:,ph,N(11),,2212347,"Gases, blood, pH only",Measurement,CPT4,CPT4
54,PH Status //ST=,ph_i,A(1),lkup_field_stat_cd,,,,,
55,Hematocrit:,Hematocrit,N(11),,3009542,Hematocrit,Measurement,Lab Test,LOINC
56,Hematocrit Status //ST=,hematocrit_i,A(1),lkup_field_stat_cd,,,,,
57,Serum Lipase:,lipase,N(11),,3004905,Lipase [Enzymatic activity/volume] in Serum or Plasma,Measurement,Lab Test,LOINC
58,Serum Lipase Status //ST=,lipase_I,A(1),lkup_field_stat_cd,,,,,
59,Serum Amylase:,amylase,N(11),,3028954,Amylase in fluid/Amylase in serum,Measurement,Lab Test,LOINC
60,Serum Amylase Status //ST=,amylase_I,A(1),lkup_field_stat_cd,,,,,
61,HIV Serology Results:,hiv,A(2),lkup_serology_stat,40758406,HIV status,Measurement,Clinical Observation,LOINC
62,HTLV Serology Results:,htlv,A(2),lkup_serology_stat,40763873,HTLV [Type] in Serum or Plasma,Measurement,Lab Test,LOINC
63,Syphilis Serology Results:,vdrl,A(2),lkup_serology_stat,4229096,Serologic test for syphilis,Measurement,Procedure,SNOMED
64,Anti-CMV Serology Results:,cmv,A(2),lkup_serology_stat,,,,,
65,HBsAg Serology Results:,hbsag,A(2),lkup_serology_stat,4168615,Hepatitis B surface antigen measurement,Measurement,Procedure,SNOMED
66,HBcAb Serology Results,anti_hbc,A(2),lkup_serology_stat,,,,,
67,HCV Serology Results:,anti_hcv,A(2),lkup_serology_stat,3007685,Hepatitis C virus Ab [Units/volume] in Serum,Measurement,Lab Test,LOINC
68,Steroids:,pt_steroids,A(1),,37394435,Steroid level,Observation,Observable Entity,SNOMED
69,Diuretics:,pt_diuretics,A(1),,3021108,Diuretics [Identifier] in Urine,Measurement,Lab Test,LOINC
70,T3:,pt_t3,A(1),,3010340,Triiodothyronine (T3) [Mass/volume] in Serum or Plasma,Measurement,Lab Test,LOINC
71,T4:,pt_t4,A(1),,3017523,Thyroxine (T4)/Thyroxine binding globulin [Mass Ratio] in Serum or Plasma,Measurement,Lab Test,LOINC
72,Antihypertensives:,antihype,A(1),,4146455,Antihypertensive therapy,Procedure,Procedure,SNOMED
73,Vasodilators:,vasodil,A(1),,,,,,
74,DDAVP:,ddavp,A(1),,40026725,desmopressin Oral Tablet [DDAVP],Drug,Branded Drug Form,RxNorm
75,Heparin:,Heparin,A(1),,1367571,Heparin,Drug,Ingredient,RxNorm
76,Arginine Vasopressin:,arginine,A(1),,4268036,Antidiuretic hormone measurement,Measurement,Procedure,SNOMED
77,Insulin:,insulin,A(1),,4060873,Insulin measurement,Measurement,Procedure,SNOMED
78,Other (one) //Other/Specify:,pt_oth_ostxt,A(75),,,,,,
79,Other (two) //Other/Specify:,pt_oth2_ostxt,A(75),,,,,,
80,Other (three) //Other/Specify:,pt_oth3_ostxt,A(75),,,,,,
81,Inotropic Medications at Time of Cross Clamp:,inotrop_sup,A(1),,,,,,
82,Medication:,agnt,N(5),lkup_inotrop_med,45880025,Medications,Meas Value,Answer,LOINC
83,Medication //Specify:,agnt_ostxt,A(50),,,,,,
84,Medication:,agnt,N(5),lkup_inotrop_med,45880025,Medications,Meas Value,Answer,LOINC
85,Medication //Specify:,agnt_ostxt,A(50),,,,,,
86,Medication:,agnt,N(5),lkup_inotrop_med,45880025,Medications,Meas Value,Answer,LOINC
87,Medication //Specify:,agnt_ostxt,A(50),,,,,,
88,Number of transfusions during this (terminal) hospitalization:,transfus_term,N(5),lkup_transfus,,,,,
89,Cardiac arrest since neurological event that led to declaration of brain death:,cardarrest_neuro,A(1),,,,,,
90,"Duration of Resuscitation //If Yes, Duration of Resuscitation:",resuscit_dur,N(11),,,,,,
91,Duration of Resuscitation Status //ST=,resuscit_dur_I,A(1),lkup_field_stat_cd,,,,,
92,Clinical Infection Confirmed by Culture:,clin_infect,A(1),,,,,,
93,Blood,blood_inf,N(1),,132797,Sepsis,Condition,Clinical Finding,SNOMED
94,Lung,pulm_inf,N(1),,4028389,Infectious disease of lung,Condition,Clinical Finding,SNOMED
95,Urine,urine_inf,N(1),,81902,Urinary tract infectious disease,Condition,Clinical Finding,SNOMED
96,Other,other_inf,N(1),,45878142,Other,Meas Value,Answer,LOINC
97,"Other, specify:",other_inf_ostxt,A(50),,,,,,
98,Cigarette Use (> 20 pack years) - Ever:,hist_cig,A(1),,,,,,
99,Cigarette Use //AND continued in last six months:,contin_cig,A(1),,,,,,
100,Cocaine Use - Ever:,hist_cocaine,A(1),,44791357,History of cocaine misuse,Observation,Context-dependent,SNOMED
101,Cocaine Use //AND continued in last six months:,contin_cocaine,A(1),,,,,,
102,Other Drug Use (non - IV) - Ever:,hist_oth_drug,A(1),,4078320,Drug used,Observation,Attribute,SNOMED
103,Other Drug Use //AND continued in last six months:,contin_oth_drug,A(1),,,,,,
104,Heavy Alcohol Use (heavy= 2+ drinks/day):,alcohol_heavy,A(1),,,,,,
105,Tattoos:,tattoos,A(1),,42872418,Tattoo of skin,Condition,Clinical Finding,SNOMED
106,"According to the OPTN policy in effect on the date of referral, does the donor have risk factors for blood-borne disease transmission:",cdc_risk_hiv,A(1),,,,,,
107,History of Diabetes:,hist_diabetes,N(5),lkup_histdiab_dur,4058709,H/O: diabetes mellitus,Observation,Context-dependent,SNOMED
108,Insulin Dependent:,insulin_dep,N(5),lkup_insdep_dur,3046418,Insulin dependent diabetes mellitus [Presence],Measurement,Lab Test,LOINC
109,History of Hypertension:,hist_hypertens,N(5),lkup_histhype_dur,4058286,H/O: hypertension,Observation,Context-dependent,SNOMED
110,Diet:,diet,A(1),,4056973,Dietary regime,Procedure,Procedure,SNOMED
111,Diuretics:,diuretics,A(1),,3021108,Diuretics [Identifier] in Urine,Measurement,Lab Test,LOINC
112,Other anti-hypertensive medication:,other_hypertens_med,A(1),,,,,,
113,History of Cancer:,hist_cancer,N(5),lkup_histcancer_site,4144289,H/O: malignant neoplasm,Observation,Context-dependent,SNOMED
114,History of Cancer //Specify:,cancer_oth_ostxt,A(50),,,,,,
115,Cancer Free Interval:,cancer_free_int,N(5),,,,,,
116,Cancer Free Interval Status //ST=,cancer_free_I,A(1),lkup_field_stat_cd,,,,,
117,Intracranial:,intracranial_cancer,A(1),,4123444,Intracranial,Observation,Qualifier Value,SNOMED
118,Extracranial:,extracranial_cancer,A(1),,,,,,
119,Skin:,skin_cancer,A(1),,4155297,Malignant neoplasm of skin,Condition,Clinical Finding,SNOMED
120,Recovery Date (donor to OR):,recovery_dt,A(8),,,,,,
121,Was this donor recovered under DCD protocol:,non_hrt_don,A(1),,,,,,
122,"If Yes, Controlled:",controlled,A(1),,4135224,Controlled,Observation,Qualifier Value,SNOMED
123,"If Yes, Core Cooling Used:",core_cool,A(1),,,,,,
124,Clamp Date:,clamp_dt,A(8),,,,,,
125,Clamp Time: (Military Time),clamp_tm,A(8),,,,,,
126,Clamp Time Status //ST=,clamp_tm_I,A(1),lkup_field_stat_cd,,,,,
127,Clamp Time Zone:,clamp_tm_zone,N(5),lkup_time_zone,,,,,
128,History of previous MI:,hist_mi,A(1),,4163874,History of myocardial infarction,Observation,Context-dependent,SNOMED
129,LV ejection fraction (%):,lv_eject,N(11),,3027172,Cardiac ejection fraction,Measurement,Clinical Observation,LOINC
130,LV Ejection Fraction % Status //ST=,lv_eject_i,A(1),lkup_field_stat_cd,,,,,
131,Method:,lv_eject_meth,N(5),lkup_lv_eject_meth,40758535,Cardiac ejection fraction method,Measurement,Clinical Observation,LOINC
132,Structural Abnormalities //Valves:,abn_valves,A(1),,,,,,
133,Structural Abnormalities //Congenital:,abn_congen,A(1),,4079975,Congenital malformation,Condition,Clinical Finding,SNOMED
134,Structural Abnormalities //LVH:,abn_LVH,A(1),,4184746,Left ventricular hypertrophy,Condition,Clinical Finding,SNOMED
135,Wall Abnormalities //Segmental:,wall_abn_seg,A(1),,,,,,
136,Wall Abnormalities //Global:,wall_abn_glob,A(1),,,,,,
137,Coronary Angiogram:,coronary_angio,N(5),lkup_coronary_angio,4142645,Coronary angiography,Procedure,Procedure,SNOMED
138,"If Abnormal, # of Vessels with > 50% Stenosis:",vessels_50sten,N(5),,,,,,
139,PO2:,po2,N(11),,4230515,PO>2< measurement,Measurement,Procedure,SNOMED
140,Lung PO2 Status //ST=,po2_I,A(1),lkup_field_stat_cd,,,,,
141,FiO2:,po2_fio2,N(3),,,,,,
142,PCO2:,pCo2,N(11),,3027946,Carbon dioxide [Partial pressure] in Arterial blood,Measurement,Lab Test,LOINC
143,PCO2 Status //ST=,pco2_i,A(1),lkup_field_stat_cd,,,,,
144,Was a pulmonary artery catheter placed:,pulm_cath,A(1),,4262295,Pulmonary artery catheter,Device,Physical Object,SNOMED
145,MAP (initial) // MAP: (mmHg),map_init,N(11),,,,,,
146,MAP (initial) Status //ST=,map_init_i,A(1),lkup_field_stat_cd,,,,,
147,MAP (final) // MAP: (mmHg),map_post,N(11),,,,,,
148,MAP (final) Status //ST=,map_post_i,A(1),lkup_field_stat_cd,,,,,
149,CVP (initial) // CVP: (mmHg),cvp_init,N(11),,,,,,
150,CVP (initial) Status //ST=,cvp_init_i,A(1),lkup_field_stat_cd,,,,,
151,CVP (final) // CVP: (mmHg),cvp_post,N(11),,,,,,
152,CVP (final) Status //ST=,cvp_post_i,A(1),lkup_field_stat_cd,,,,,
153,PCWP (initial) // PCWP: (mmHg),pcwp_init,N(11),,,,,,
154,PCWP (initial) Status //ST=,pcwp_init_i,A(1),lkup_field_stat_cd,,,,,
155,PCWP (final) // PCWP: (mmHg),pcwp_post,N(11),,,,,,
156,PCWP (final) Status //ST=,pcwp_post_i,A(1),lkup_field_stat_cd,,,,,
157,SVR (initial) //SVR: ((dynes/sec/cm)^5),svr_init,N(11),,,,,,
158,SVR (initial) Status //ST=,svr_init_i,A(1),lkup_field_stat_cd,,,,,
159,SVR (final) //SVR:,svr_post,N(11),,,,,,
160,SVR (final) Status //ST=,svr_post_i,A(1),lkup_field_stat_cd,,,,,
161,PA Systolic (initial) // PA Systolic: (mmHg),pasyst_init,N(11),,,,,,
162,PA Systolic (initial) Status //ST=,pasyst_init_i,A(1),lkup_field_stat_cd,,,,,
163,PA Systolic (final) // PA Systolic: (mmHg),pasyst_post,N(11),,,,,,
164,PA Systolic (final) Status //ST=,pasyst_post_i,A(1),lkup_field_stat_cd,,,,,
165,PA Diastolic (initial) // PA Diastolic: (mmHg),padiast_init,N(11),,,,,,
166,PA Diastolic (initial) Status //ST=,padiast_init_i,A(1),lkup_field_stat_cd,,,,,
167,PA Diastolic (final) // PA Diastolic: (mmHg),padiast_post,N(11),,,,,,
168,PA Diastolic (final) Status //ST=,padiast_post_i,A(1),lkup_field_stat_cd,,,,,
169,CO (initial) (L/min) //CO: (L/min),co_init,N(11),,,,,,
170,CO (initial) Status //ST=,co_init_i,A(1),lkup_field_stat_cd,,,,,
171,CO (final) (L/min) //CO:,co_post,N(11),,,,,,
172,CO (final) Status //ST=,co_post_i,A(1),lkup_field_stat_cd,,,,,
173,Cardiac Index (initial) //Cardiac Index: (L/min/sq.m),card_idx_init,N(11),,,,,,
174,Cardiac Index (initial) Status //ST=,card_idx_init_i,A(1),lkup_field_stat_cd,,,,,
175,Cardiac Index (final) //Cardiac Index:,card_idx_post,N(11),,,,,,
176,Cardiac Index (final) Status //ST=,card_idx_post_i,A(1),lkup_field_stat_cd,,,,,
177,Biopsy (heart donors only):,biopsy_dgn,N(5),lkup_biop_myocar,,,,,
178,Other Diagnosis /Specify:,oth_dgn_ostxt,A(50),,,,,,
179,Left Kidney Biopsy:,lt_ki_biopsy,A(1),,,,,,
180,% Glomerulosclerosis (Left Kidney) //Glomerulosclerosis %:,lt_ki_glomerul,N(5),lkup_ki_glumero,,,,,
181,Pump (Left Kidney) //Pump:,lt_ki_pump,A(1),,,,,,
182,Final Resistance Prior to Shipping (left) //Final Resistance Prior to Shipping:,resist_ship_lt_ki,N(11),,,,,,
183,Final Resistance Prior to Shipping (left) Status //ST=,resist_ship_lt_ki_i,A(1),lkup_field_stat_cd,,,,,
184,Transferred on pump (left):// Transferred to transplant center on pump:,trans_pump_lt_ki,A(1),,,,,,
185,Kidney Biopsy (right)://Right Kidney Biopsy:,rt_ki_biopsy,A(1),,,,,,
186,% Glomerulosclerosis (Right Kidney)://Glomerulosclerosis %:,rt_ki_glomerul,N(5),lkup_ki_glumero,,,,,
187,Pump (Right Kidney) //Pump:,rt_ki_pump,A(1),,,,,,
188,Final Resistance Prior to Shipping (right) //Final Resistance Prior to Shipping:,resist_ship_rt_ki,N(11),,,,,,
189,Final Resistance Prior to Shipping (right) Status //ST=,resist_ship_rt_ki_i,A(1),lkup_field_stat_cd,,,,,
190,Transferred on pump (right):// Transferred to transplant center on pump:,trans_pump_rt_ki,A(1),,,,,,
191,Liver Biopsy:,li_biopsy,A(1),,4314001,Biopsy of liver,Procedure,Procedure,SNOMED
192,% Macro vesicular fat:,macro_fat,N(5),,,,,,
193,% Macro vesicular fat Status //ST=,macro_fat_i,A(1),lkup_field_stat_cd,,,,,
194,% Micro/intermediate vesicular fat:,micro_fat,N(5),,,,,,
195,% Micro/intermediate vesicular fat Status //ST=,micro_fat_i,A(1),lkup_field_stat_cd,,,,,
196,Left Lung Bronchoscopy:,broncho_lt,N(5),lkup_abnorm_broncho,,,,,
197,Right Lung Bronchoscopy:,broncho_rt,N(5),lkup_abnorm_broncho,,,,,
198,Chest X-ray:,chest_xray,N(5),lkup_lu_chestxray,3010713,Chest X-ray,Measurement,Clinical Observation,LOINC
199,Disposition of Organ - Right Kidney://Organ:,disposition,N(5),lkup_feedback_disposition,,,,,
200,Reason Code - Right Kidney://Reason Code:,reason_cd,N(5),"lkup_cons_not_req, lkup_cons_not_obt, lkup_not_recovered, lkup_recov_other, lkup_recov_not_tx, lkup_org_disposition",,,,,
201,Reason Code Right Kidney //Specify:,reason_ostxt,A(50),,,,,,
202,Reason organ not transplanted - Right Kidney://Reason organ not transplanted:,discard_cd,N(5),lkup_discard_cd,,,,,
203,Reason organ not transplanted Right Kidney //Specify:,discard_cd_ostxt,A(50),,,,,,
204,Recovery Team# - Right Kidney://Recovery Team#:,recov_prov_num,A(10),,,,,,
205,Initial Flush Solution - Right Kidney://Initial Flush Solution:,initial_flush,N(5),lkup_flush_soln,,,,,
206,Initial Flush - Right Kidney //Specify:,initial_flush_ostxt,A(50),,,,,,
207,Back Table Flush Solution - Right Kidney://Back Table Flush Solution:,back_tbl_flush,N(5),lkup_back_table_flush,,,,,
208,Back Table Flush Solution Right Kidney //Specify:,back_tbl_flush_ostxt,A(50),,,,,,
209,Final Flush Solution - Right Kidney://Final Flush/Storage Solution:,final_flush,N(5),lkup_flush_soln,,,,,
210,Final Flush Right Kidney //Specify:,final_flush_ostxt,A(50),,,,,,
211,Disposition of Organ - Left Kidney://Organ:,disposition,N(5),lkup_feedback_disposition,,,,,
212,Reason Code - Left Kidney://Reason Code:,reason_cd,N(5),"lkup_cons_not_req, lkup_cons_not_obt, lkup_not_recovered, lkup_recov_other, lkup_recov_not_tx, lkup_org_disposition",,,,,
213,Reason Code Left Kidney //Specify:,reason_ostxt,A(50),,,,,,
214,Reason organ not transplanted - Left Kidney://Reason organ not transplanted:,discard_cd,N(5),lkup_discard_cd,,,,,
215,Reason organ not transplanted Left Kidney //Specify:,discard_cd_ostxt,A(50),,,,,,
216,Recovery Team# - Left Kidney://Recovery Team#:,recov_prov_num,A(10),,,,,,
217,Initial Flush Solution - Left Kidney://Initial Flush Solution:,initial_flush,N(5),lkup_flush_soln,,,,,
218,Initial Flush - Left Kidney //Specify:,initial_flush_ostxt,A(50),,,,,,
219,Back Table Flush Solution - Left Kidney://Back Table Flush Solution:,back_tbl_flush,N(5),lkup_back_table_flush,,,,,
220,Back Table Flush Solution Left Kidney //Specify:,back_tbl_flush_ostxt,A(50),,,,,,
221,Final Flush Solution - Left Kidney://Final Flush/Storage Solution:,final_flush,N(5),lkup_flush_soln,,,,,
222,Final Flush Solution Left Kidney //Specify:,final_flush_ostxt,A(50),,,,,,
223,Disposition of Organ - Double/En-bloc Kidney://Organ:,disposition,N(5),lkup_feedback_disposition,,,,,
224,Reason Code - Double/En-bloc Kidney://Reason Code:,reason_cd,N(5),"lkup_cons_not_req, lkup_cons_not_obt, lkup_not_recovered, lkup_recov_other, lkup_recov_not_tx, lkup_org_disposition",,,,,
225,Reason Code - Double/En-bloc Kidney //Specify:,reason_ostxt,A(50),,,,,,
226,Reason organ not transplanted -Double/En-bloc Kidney://Reason organ not transplanted:,discard_cd,N(5),lkup_discard_cd,,,,,
227,Reason organ not transplanted - Double/En-bloc Kidney //Specify:,discard_cd_ostxt,A(50),,,,,,
228,Recovery Team# - Double/En-bloc Kidney://Recovery Team#:,recov_prov_num,A(10),,,,,,
229,Initial Flush Solution - Double/En-bloc Kidney://Initial Flush Solution:,initial_flush,N(5),lkup_flush_soln,,,,,
230,Initial Flush - Double/En-bloc Kidney //Specify:,initial_flush_ostxt,A(50),,,,,,
231,Back Table Flush Solution - Double/En-bloc Kidney://Back Table Flush Solution:,back_tbl_flush,N(5),lkup_back_table_flush,,,,,
232,Back Table Flush Solution Specify - Double/En-bloc Kidney //Specify:,back_tbl_flush_ostxt,A(50),,,,,,
233,Final Flush Solution - Double/En-bloc Kidney://Final Flush/Storage Solution:,final_flush,N(5),lkup_flush_soln,,,,,
234,Final Flush Solution Specify - Double/En-bloc Kidney //Specify:,final_flush_ostxt,A(50),,,,,,
235,Disposition of Organ - Pancreas://Organ:,disposition,N(5),lkup_feedback_disposition,,,,,
236,Reason Code - Pancreas://Reason Code:,reason_cd,N(5),"lkup_cons_not_req, lkup_cons_not_obt, lkup_not_recovered, lkup_recov_other, lkup_recov_not_tx, lkup_org_disposition",,,,,
237,Reason Code - Pancreas //Specify:,reason_ostxt,A(50),,,,,,
238,Reason organ not transplanted -Pancreas://Reason organ not transplanted:,discard_cd,N(5),lkup_discard_cd,,,,,
239,Reason organ not transplanted Other Specify - Pancreas //Specify:,discard_cd_ostxt,A(50),,,,,,
240,Recovery Team# - Pancreas://Recovery Team#:,recov_prov_num,A(10),,,,,,
241,Initial Flush Solution - Pancreas://Initial Flush Solution:,initial_flush,N(5),lkup_flush_soln,,,,,
242,Initial Flush Other Specify - Pancreas //Specify:,initial_flush_ostxt,A(50),,,,,,
243,Back Table Flush Solution - Pancreas://Back Table Flush Solution:,back_tbl_flush,N(5),lkup_back_table_flush,,,,,
244,Back Table Flush Solution Specify - Pancreas //Specify:,back_tbl_flush_ostxt,A(50),,,,,,
245,Final Flush Solution - Pancreas://Final Flush/Storage Solution:,final_flush,N(5),lkup_flush_soln,,,,,
246,Final Flush Solution Specify - Pancreas //Specify:,final_flush_ostxt,A(50),,,,,,
247,Disposition of Organ - Pancreas Segment 1://Organ:,disposition,N(5),lkup_feedback_disposition,,,,,
248,Reason Code - Pancreas Segment 1://Reason Code:,reason_cd,N(5),"lkup_cons_not_req, lkup_cons_not_obt, lkup_not_recovered, lkup_recov_other, lkup_recov_not_tx, lkup_org_disposition",,,,,
249,Reason Code/Specify - Pancreas Segment 1 //Specify:,reason_ostxt,A(50),,,,,,
250,Reason organ not transplanted -Pancreas Segment 1://Reason organ not transplanted:,discard_cd,N(5),lkup_discard_cd,,,,,
251,Reason organ not transplanted Other Specify - Pancreas Segment 1 //Specify:,discard_cd_ostxt,A(50),,,,,,
252,Recovery Team# - Pancreas Segment 1://Recovery Team#:,recov_prov_num,A(10),,,,,,
253,Initial Flush Solution - Pancreas Segment 1://Initial Flush Solution:,initial_flush,N(5),lkup_flush_soln,,,,,
254,Initial Flush Other Specify - Pancreas Segment 1 //Specify:,initial_flush_ostxt,A(50),,,,,,
255,Back Table Flush Solution - Pancreas Segment 1://Back Table Flush Solution:,back_tbl_flush,N(5),lkup_back_table_flush,,,,,
256,Back Table Flush Solution Specify - Pancreas Segment 1 //Specify:,back_tbl_flush_ostxt,A(50),,,,,,
257,Final Flush Solution - Pancreas Segment 1://Final Flush/Storage Solution:,final_flush,N(5),lkup_flush_soln,,,,,
258,Final Flush Solution Specify - Pancreas Segment 1 //Specify:,final_flush_ostxt,A(50),,,,,,
259,Disposition of Organ - Pancreas Segment 2://Organ:,disposition,N(5),lkup_feedback_disposition,,,,,
260,Reason Code - Pancreas Segment 2://Reason Code:,reason_cd,N(5),"lkup_cons_not_req, lkup_cons_not_obt, lkup_not_recovered, lkup_recov_other, lkup_recov_not_tx, lkup_org_disposition",,,,,
261,Reason Code/Specify - Pancreas Segment 2 //Specify:,reason_ostxt,A(50),,,,,,
262,Reason organ not transplanted -Pancreas Segment 2://Reason organ not transplanted:,discard_cd,N(5),lkup_discard_cd,,,,,
263,Reason organ not transplanted Other Specify - Pancreas Segment 2 //Specify:,discard_cd_ostxt,A(50),,,,,,
264,Recovery Team# - Pancreas Segment 2://Recovery Team#:,recov_prov_num,A(10),,,,,,
265,Initial Flush Solution - Pancreas Segment 2://Initial Flush Solution:,initial_flush,N(5),lkup_flush_soln,,,,,
266,Initial Flush Other Specify - Pancreas Segment 2 //Specify:,initial_flush_ostxt,A(50),,,,,,
267,Back Table Flush Solution - Pancreas Segment 2://Back Table Flush Solution:,back_tbl_flush,N(5),lkup_back_table_flush,,,,,
268,Back Table Flush Solution Specify - Pancreas Segment 2 //Specify:,back_tbl_flush_ostxt,A(50),,,,,,
269,Final Flush Solution - Pancreas Segment 2://Final Flush/Storage Solution:,final_flush,N(5),lkup_flush_soln,,,,,
270,Final Flush Solution Specify - Pancreas Segment 2 //Specify:,final_flush_ostxt,A(50),,,,,,
271,Disposition of Organ - Liver://Organ:,disposition,N(5),lkup_feedback_disposition,,,,,
272,Reason Code - Liver://Reason Code:,reason_cd,N(5),"lkup_cons_not_req, lkup_cons_not_obt, lkup_not_recovered, lkup_recov_other, lkup_recov_not_tx, lkup_org_disposition",,,,,
273,Reason Code/Specify - Liver //Specify:,reason_ostxt,A(50),,,,,,
274,Reason organ not transplanted -Liver://Reason organ not transplanted:,discard_cd,N(5),lkup_discard_cd,,,,,
275,Reason organ not transplanted Other Specify - Liver //Specify:,discard_cd_ostxt,A(50),,,,,,
276,Recovery Team# - Liver://Recovery Team#:,recov_prov_num,A(10),,,,,,
277,Initial Flush Solution - Liver://Initial Flush Solution:,initial_flush,N(5),lkup_flush_soln,,,,,
278,Initial Flush Other Specify - Liver //Specify:,initial_flush_ostxt,A(50),,,,,,
279,Back Table Flush Solution - Liver://Back Table Flush Solution:,back_tbl_flush,N(5),lkup_back_table_flush,,,,,
280,Back Table Flush Solution Specify - Liver //Specify:,back_tbl_flush_ostxt,A(50),,,,,,
281,Final Flush Solution - Liver://Final Flush/Storage Solution:,final_flush,N(5),lkup_flush_soln,,,,,
282,Final Flush Solution Specify - Liver //Specify:,final_flush_ostxt,A(50),,,,,,
283,Disposition of Organ - Liver Segment 1://Organ:,disposition,N(5),lkup_feedback_disposition,,,,,
284,Reason Code - Liver Segment 1://Reason Code:,reason_cd,N(5),"lkup_cons_not_req, lkup_cons_not_obt, lkup_not_recovered, lkup_recov_other, lkup_recov_not_tx, lkup_org_disposition",,,,,
285,Reason Code/Specify - Liver Segment 1 //Specify:,reason_ostxt,A(50),,,,,,
286,Reason organ not transplanted -Liver Segment 1://Reason organ not transplanted:,discard_cd,N(5),lkup_discard_cd,,,,,
287,Reason organ not transplanted Other Specify - Liver Segment 1 //Specify:,discard_cd_ostxt,A(50),,,,,,
288,Recovery Team# - Liver Segment 1://Recovery Team#:,recov_prov_num,A(10),,,,,,
289,Initial Flush Solution - Liver Segment 1://Initial Flush Solution:,initial_flush,N(5),lkup_flush_soln,,,,,
290,Initial Flush Other Specify - Liver Segment 1 //Specify:,initial_flush_ostxt,A(50),,,,,,
291,Back Table Flush Solution - Liver Segment 1://Back Table Flush Solution:,back_tbl_flush,N(5),lkup_back_table_flush,,,,,
292,Back Table Flush Solution Specify - Liver Segment 1 //Specify:,back_tbl_flush_ostxt,A(50),,,,,,
293,Final Flush Solution - Liver Segment 1://Final Flush/Storage Solution:,final_flush,N(5),lkup_flush_soln,,,,,
294,Final Flush Solution Specify - Liver Segment 1 //Specify:,final_flush_ostxt,A(50),,,,,,
295,Disposition of Organ - Liver Segment 2://Organ:,disposition,N(5),lkup_feedback_disposition,,,,,
296,Reason Code - Liver Segment 2://Reason Code:,reason_cd,N(5),"lkup_cons_not_req, lkup_cons_not_obt, lkup_not_recovered, lkup_recov_other, lkup_recov_not_tx, lkup_org_disposition",,,,,
297,Reason Code/Specify - Liver Segment 2 //Specify:,reason_ostxt,A(50),,,,,,
298,Reason organ not transplanted -Liver Segment 2://Reason organ not transplanted:,discard_cd,N(5),lkup_discard_cd,,,,,
299,Reason organ not transplanted Other Specify - Liver Segment 2 //Specify:,discard_cd_ostxt,A(50),,,,,,
300,Recovery Team# - Liver Segment 2://Recovery Team#:,recov_prov_num,A(10),,,,,,
301,Initial Flush Solution - Liver Segment 2://Initial Flush Solution:,initial_flush,N(5),lkup_flush_soln,,,,,
302,Initial Flush Other Specify - Liver Segment 2 //Specify:,initial_flush_ostxt,A(50),,,,,,
303,Back Table Flush Solution - Liver Segment 2://Back Table Flush Solution:,back_tbl_flush,N(5),lkup_back_table_flush,,,,,
304,Back Table Flush Solution Specify - Liver Segment 2 //Specify:,back_tbl_flush_ostxt,A(50),,,,,,
305,Final Flush Solution - Liver Segment 2://Final Flush/Storage Solution:,final_flush,N(5),lkup_flush_soln,,,,,
306,Final Flush Solution Specify - Liver Segment 2 //Specify:,final_flush_ostxt,A(50),,,,,,
307,Disposition of Organ - Intestine://Organ:,disposition,N(5),lkup_feedback_disposition,,,,,
308,Reason Code - Intestine://Reason Code:,reason_cd,N(5),"lkup_cons_not_req, lkup_cons_not_obt, lkup_not_recovered, lkup_recov_other, lkup_recov_not_tx, lkup_org_disposition",,,,,
309,Reason Code/Specify - Intestine //Specify:,reason_ostxt,A(50),,,,,,
310,Reason organ not transplanted -Intestine ://Reason organ not transplanted:,discard_cd,N(5),lkup_discard_cd,,,,,
311,Reason organ not transplanted Other Specify - Intestine //Specify:,discard_cd_ostxt,A(50),,,,,,
312,Recovery Team# - Intestine://Recovery Team#:,recov_prov_num,A(10),,,,,,
313,Initial Flush Solution - Intestine://Initial Flush Solution:,initial_flush,N(5),lkup_flush_soln,,,,,
314,Initial Flush Other Specify - Intestine //Specify:,initial_flush_ostxt,A(50),,,,,,
315,Back Table Flush Solution - Intestine://Back Table Flush Solution:,back_tbl_flush,N(5),lkup_back_table_flush,,,,,
316,Back Table Flush Solution Specify - Intestine //Specify:,back_tbl_flush_ostxt,A(50),,,,,,
317,Final Flush Solution - Intestine://Final Flush/Storage Solution:,final_flush,N(5),lkup_flush_soln,,,,,
318,Final Flush Solution Specify - Intestine //Specify:,final_flush_ostxt,A(50),,,,,,
319,Disposition of Organ - Intestine Segment 1://Organ:,disposition,N(5),lkup_feedback_disposition,,,,,
320,Reason Code - Intestine Segment 1://Reason Code:,reason_cd,N(5),"lkup_cons_not_req, lkup_cons_not_obt, lkup_not_recovered, lkup_recov_other, lkup_recov_not_tx, lkup_org_disposition",,,,,
321,Reason Code/Specify - Intestine Segment 1 //Specify:,reason_ostxt,A(50),,,,,,
322,Reason organ not transplanted -Intestine Segment 1://Reason organ not transplanted:,discard_cd,N(5),lkup_discard_cd,,,,,
323,Reason organ not transplanted Other Specify - Intestine Segment 1 //Specify:,discard_cd_ostxt,A(50),,,,,,
324,Recovery Team# - Intestine Segment 1://Recovery Team#:,recov_prov_num,A(10),,,,,,
325,Initial Flush Solution - Intestine Segment 1://Initial Flush Solution:,initial_flush,N(5),lkup_flush_soln,,,,,
326,Initial Flush Other Specify - Intestine Segment 1 //Specify:,initial_flush_ostxt,A(50),,,,,,
327,Back Table Flush Solution - Intestine Segment 1://Back Table Flush Solution:,back_tbl_flush,N(5),lkup_back_table_flush,,,,,
328,Back Table Flush Solution Specify - Intestine Segment 1 //Specify:,back_tbl_flush_ostxt,A(50),,,,,,
329,Final Flush Solution - Intestine Segment 1://Final Flush/Storage Solution:,final_flush,N(5),lkup_flush_soln,,,,,
330,Final Flush Solution Specify - Intestine Segment 1 //Specify:,final_flush_ostxt,A(50),,,,,,
331,Disposition of Organ - Intestine Segment 2://Organ:,disposition,N(5),lkup_feedback_disposition,,,,,
332,Reason Code - Intestine Segment 2://Reason Code:,reason_cd,N(5),"lkup_cons_not_req, lkup_cons_not_obt, lkup_not_recovered, lkup_recov_other, lkup_recov_not_tx, lkup_org_disposition",,,,,
333,Reason Code/Specify - Intestine Segment 2 //Specify:,reason_ostxt,A(50),,,,,,
334,Reason organ not transplanted -Intestine Segment 2://Reason organ not transplanted:,discard_cd,N(5),lkup_discard_cd,,,,,
335,Reason organ not transplanted Other Specify - Intestine Segment 2 //Specify:,discard_cd_ostxt,A(50),,,,,,
336,Recovery Team# - Intestine Segment 2://Recovery Team#:,recov_prov_num,A(10),,,,,,
337,Initial Flush Solution - Intestine Segment 2://Initial Flush Solution:,initial_flush,N(5),lkup_flush_soln,,,,,
338,Initial Flush Other Specify - Intestine Segment 2 //Specify:,initial_flush_ostxt,A(50),,,,,,
339,Back Table Flush Solution - Intestine Segment 2://Back Table Flush Solution:,back_tbl_flush,N(5),lkup_back_table_flush,,,,,
340,Back Table Flush Solution Specify - Intestine Segment 2 //Specify:,back_tbl_flush_ostxt,A(50),,,,,,
341,Final Flush Solution - Intestine Segment 2://Final Flush/Storage Solution:,final_flush,N(5),lkup_flush_soln,,,,,
342,Final Flush Solution Specify - Intestine Segment 2 //Specify:,final_flush_ostxt,A(50),,,,,,
343,Disposition of Organ - Heart://Organ:,disposition,N(5),lkup_feedback_disposition,,,,,
344,Reason Code - Heart://Reason Code:,reason_cd,N(5),"lkup_cons_not_req, lkup_cons_not_obt, lkup_not_recovered, lkup_recov_other, lkup_recov_not_tx, lkup_org_disposition",,,,,
345,Reason Code/Specify - Heart //Specify:,reason_ostxt,A(50),,,,,,
346,Reason organ not transplanted -Heart://Reason organ not transplanted:,discard_cd,N(5),lkup_discard_cd,,,,,
347,Reason organ not transplanted Other Specify - Heart //Specify:,discard_cd_ostxt,A(50),,,,,,
348,Recovery Team# - Heart://Recovery Team#:,recov_prov_num,A(10),,,,,,
349,Initial Flush Solution - Heart://Initial Flush Solution:,initial_flush,N(5),lkup_flush_soln,,,,,
350,Initial Flush Other Specify - Heart //Specify:,initial_flush_ostxt,A(50),,,,,,
351,Back Table Flush Solution - Heart://Back Table Flush Solution:,back_tbl_flush,N(5),lkup_back_table_flush,,,,,
352,Back Table Flush Solution Specify - Heart //Specify:,back_tbl_flush_ostxt,A(50),,,,,,
353,Final Flush Solution - Heart://Final Flush/Storage Solution:,final_flush,N(5),lkup_flush_soln,,,,,
354,Final Flush Solution Specify - Heart //Specify:,final_flush_ostxt,A(50),,,,,,
355,Disposition of Organ - Right Lung://Organ:,disposition,N(5),lkup_feedback_disposition,,,,,
356,Reason Code - Right Lung://Reason Code:,reason_cd,N(5),"lkup_cons_not_req, lkup_cons_not_obt, lkup_not_recovered, lkup_recov_other, lkup_recov_not_tx, lkup_org_disposition",,,,,
357,Reason Code/Specify - Right Lung //Specify:,reason_ostxt,A(50),,,,,,
358,Reason organ not transplanted -Right Lung://Reason organ not transplanted:,discard_cd,N(5),lkup_discard_cd,,,,,
359,Reason organ not transplanted Other Specify - Right Lung //Specify:,discard_cd_ostxt,A(50),,,,,,
360,Recovery Team# - Right Lung://Recovery Team#:,recov_prov_num,A(10),,,,,,
361,Initial Flush Solution - Right Lung://Initial Flush Solution:,initial_flush,N(5),lkup_flush_soln,,,,,
362,Initial Flush Other Specify - Right Lung //Specify:,initial_flush_ostxt,A(50),,,,,,
363,Back Table Flush Solution - Right Lung://Back Table Flush Solution:,back_tbl_flush,N(5),lkup_back_table_flush,,,,,
364,Back Table Flush Solution Specify - Right Lung //Specify:,back_tbl_flush_ostxt,A(50),,,,,,
365,Final Flush Solution - Right Lung://Final Flush/Storage Solution:,final_flush,N(5),lkup_flush_soln,,,,,
366,Final Flush Solution Specify - Right Lung //Specify:,final_flush_ostxt,A(50),,,,,,
367,Disposition of Organ - Left Lung://Organ:,disposition,N(5),lkup_feedback_disposition,,,,,
368,Reason Code - Left Lung://Reason Code:,reason_cd,N(5),"lkup_cons_not_req, lkup_cons_not_obt, lkup_not_recovered, lkup_recov_other, lkup_recov_not_tx, lkup_org_disposition",,,,,
369,Reason Code/Specify - Left Lung //Specify:,reason_ostxt,A(50),,,,,,
370,Reason organ not transplanted -Left Lung://Reason organ not transplanted:,discard_cd,N(5),lkup_discard_cd,,,,,
371,Reason organ not transplanted Other Specify - Left Lung //Specify:,discard_cd_ostxt,A(50),,,,,,
372,Recovery Team# - Left Lung://Recovery Team#:,recov_prov_num,A(10),,,,,,
373,Initial Flush Solution - Left Lung://Initial Flush Solution:,initial_flush,N(5),lkup_flush_soln,,,,,
374,Initial Flush Other Specify - Left Lung //Specify:,initial_flush_ostxt,A(50),,,,,,
375,Back Table Flush Solution - Left Lung://Back Table Flush Solution:,back_tbl_flush,N(5),lkup_back_table_flush,,,,,
376,Back Table Flush Solution Specify - Left Lung //Specify:,back_tbl_flush_ostxt,A(50),,,,,,
377,Final Flush Solution - Left Lung://Final Flush/Storage Solution:,final_flush,N(5),lkup_flush_soln,,,,,
378,Final Flush Solution Specify - Left Lung //Specify:,final_flush_ostxt,A(50),,,,,,
379,Disposition of Organ - Double/En-bloc Lung://Organ:,disposition,N(5),lkup_feedback_disposition,,,,,
380,Reason Code - Double/En-bloc Lung://Reason Code:,reason_cd,N(5),"lkup_cons_not_req, lkup_cons_not_obt, lkup_not_recovered, lkup_recov_other, lkup_recov_not_tx, lkup_org_disposition",,,,,
381,Reason Code/Specify - DoubleEn-bloc Lung //Specify:,reason_ostxt,A(50),,,,,,
382,Reason organ not transplanted -Double/En-bloc Lung://Reason organ not transplanted:,discard_cd,N(5),lkup_discard_cd,,,,,
383,Reason organ not transplanted Other Specify - Double/En-bloc Lung //Specify:,discard_cd_ostxt,A(50),,,,,,
384,Recovery Team# - Double/En-bloc Lung://Recovery Team#:,recov_prov_num,A(10),,,,,,
385,Initial Flush Solution - Double/En-bloc Lung://Initial Flush Solution:,initial_flush,N(5),lkup_flush_soln,,,,,
386,Initial Flush Other Specify - Double/En-bloc Lung //Specify:,initial_flush_ostxt,A(50),,,,,,
387,Back Table Flush Solution - Double/En-bloc Lung://Back Table Flush Solution:,back_tbl_flush,N(5),lkup_back_table_flush,,,,,
388,Back Table Flush Solution Specify - Double/En-bloc Lung //Specify:,back_tbl_flush_ostxt,A(50),,,,,,
389,Final Flush Solution Specify - Double/En-bloc Lung //Specify:,final_flush_ostxt,A(50),,,,,,
390,Final Flush Solution - Double/En-bloc Lung://Final Flush/Storage Solution:,final_flush,N(5),lkup_flush_soln,,,,,
391,Status:,status,A(1),lkup_form_status,4138595,Status,Observation,Attribute,SNOMED
392,Add Date:,add_dt,A(8),,,,,,
393,Change Date:,chg_dt,A(8),,,,,,
394,Donor Hospital Provider Number:,don_hosp_provider_num,A(10),,,,,,
395,HBsAb Serology Results:,hbsab,A(2),lkup_serology_stat,3017797,Hepatitis B virus surface Ab [Presence] in Serum,Measurement,Lab Test,LOINC
396,EBV (VCA) (IgG) Serology Results:,ebv_igg,A(2),lkup_serology_stat,3006585,Epstein Barr virus capsid IgG Ab [Presence] in Serum,Measurement,Lab Test,LOINC
397,EBV (VCA) (IgM) Serology Results:,ebv_igm,A(2),lkup_serology_stat,3008105,Epstein Barr virus capsid IgM Ab [Presence] in Serum,Measurement,Lab Test,LOINC
398,EBNA Serology Results:,ebna,A(2),lkup_serology_stat,3001820,Epstein Barr virus nuclear Ab [Presence] in Serum,Measurement,Lab Test,LOINC
399,MI:,mi,A(1),,45881971,Myocardial infarction,Meas Value,Answer,LOINC
400,"If Yes, Date and time of withdrawal of support:",withdrawl_dt,A(14),,,,,,
401,"If Yes, Date and time agonal phase begins (systolic BP < 80 or O2 sat. < 80%):",agonal_begin_dt,A(14),,,,,,
402,"If No, Was this an authorized DCD donor that progressed to brain death?",dcd_progressed_brain_death,A(1),,,,,,
403,"If yes, Date and time of abdominal aorta core cooling:",abdominal_aorta_cannul_dt,A(14),,,,,,
404,"If yes, Date and time of thoracic aorta core cooling:",thoracic_aorta_cannul_dt,A(14),,,,,,
405,"If yes, Date and time of portal vein core cooling:",portal_Vein_cannul_dt,A(14),,,,,,
406,"If DCD, Total urine output during OR recovery phase:",total_urine_output,N(11),,,,,,
407,"If DCD, date and time right kidney recovered/removed from donor:",dcd_recov_dt,A(14),,,,,,
408,"If DCD, date and time left kidney recovered/removed from donor:",dcd_recov_dt,A(14),,,,,,
409,"If DCD, date and time double/en-bloc kidney recovered/removed from donor:",dcd_recov_dt,A(14),,,,,,
410,"If DCD, date and time whole pancreas recovered/removed from donor:",dcd_recov_dt,A(14),,,,,,
411,"If DCD, date, and time pancreas segment 1 recovered/removed from donor:",dcd_recov_dt,A(14),,,,,,
412,"If DCD, date and time pancreas segment 2 recovered/removed from donor:",dcd_recov_dt,A(14),,,,,,
413,"If DCD, date and time whole liver recovered/removed from donor:",dcd_recov_dt,A(14),,,,,,
414,"If DCD, date and time liver segment 1 recovered/removed from donor:",dcd_recov_dt,A(14),,,,,,
415,"If DCD, date and time liver segment 2 recovered/removed from donor:",dcd_recov_dt,A(14),,,,,,
416,"If DCD, date and time whole intestine recovered/removed from donor:",dcd_recov_dt,A(14),,,,,,
417,"If DCD, date and time intestine segment 1 recovered/removed from donor:",dcd_recov_dt,A(14),,,,,,
418,"If DCD, date and time intestine segment 2 recovered/removed from donor:",dcd_recov_dt,A(14),,,,,,
419,"If DCD, date and time heart recovered/removed from donor:",dcd_recov_dt,A(14),,,,,,
420,"If DCD, date and time right lung recovered/removed from donor:",dcd_recov_dt,A(14),,,,,,
421,"If DCD, date and time left lung recovered/removed from donor:",dcd_recov_dt,A(14),,,,,,
422,"If DCD, date and time double/en-bloc lung recovered/removed from donor:",dcd_recov_dt,A(14),,,,,,
423,Date and time of abdominal aorta core cooling://ST=,abdominal_aorta_cannul_dt_i,A(1),lkup_field_stat_cd,,,,,
424,Date and time of thoracic aorta core cooling://ST=,thoracic_aorta_cannul_dt_i,A(1),lkup_field_stat_cd,,,,,
425,Date and time of portal vein core cooling://ST=,portal_Vein_cannul_dt_i,A(1),lkup_field_stat_cd,,,,,
426,"If yes, Date and time of pulmonary artery core cooling:",pulm_art_cannul_dt,A(14),,,,,,
427,Date and time of pulmonary artery core cooling://ST=,pulm_art_cannul_dt_i,A(1),lkup_field_stat_cd,,,,,
428,Was the patient declared legally brain dead:,legally_brain_dead,A(1),,,,,,
429,HbA1c:,hba1c,N(11),,40758583,Hemoglobin A1c in Blood,Measurement,Lab Test,LOINC
430,HbA1c: //ST=,hba1c_i,A(1),lkup_field_stat_cd,,,,,
431,West Nile Serology Results:,west_nile_serology,A(2),lkup_serology_stat,3040570,West Nile virus Ab [Presence] in Serum,Measurement,Lab Test,LOINC
432,HIV Ag/Ab Combo Assay Results:,hiv_antigen,A(2),lkup_serology_stat,915612,"Hiv antigen/antibody, combination assay, screening",Procedure,HCPCS,HCPCS
433,HBV NAT Results:,hbv_dna,A(2),lkup_serology_stat,,,,,
434,HCV NAT Results:,hcv_nat,A(2),lkup_serology_stat,,,,,
435,HIV NAT Results:,hiv_nat,A(2),lkup_serology_stat,4160613,HIV 1 nucleic acid assay,Measurement,Procedure,SNOMED
436,HTLV NAT Results:,htlv_nat,A(2),lkup_serology_stat,44814095,HTLV nucleic acid detection assay,Measurement,Procedure,SNOMED
437,Chagas NAT Results:,chagas_nat,A(2),lkup_serology_stat,,,,,
438,West Nile NAT Results:,west_nile_nat,A(2),lkup_serology_stat,44811803,West Nile fever virus nucleic acid detection assay,Measurement,Procedure,SNOMED
439,Type (for Intracranial):,intracranial_type,N(11),lkup_intracranial_cancer,,,,,
440,Type (for Intracranial //Other Specify:,intracranial_type_ostxt,A(50),,,,,,
441,Type (for Extracranial):,extracranial_type,N(11),lkup_extracranial_cancer,,,,,
442,Type (for Extracranial //Other Specify:,extracranial_type_ostxt,A(50),,,,,,
443,Type (for Skin):,skin_type,N(11),lkup_skin_cancer,,,,,
444,Type (for Skin //Other Specify:,skin_type_ostxt,A(50),,,,,,
445,Chagas History:,chagus_history,A(1),,,,,,
446,TB History:,tb_history,A(1),,4058267,H/O: tuberculosis,Observation,Context-dependent,SNOMED
447,Heart machine perfusion:,heart_perfusion,A(1),,,,,,
448,PEEP:,peep,N(11),,4160176,Positive end-expiratory pressure monitoring,Observation,Procedure,SNOMED
449,PEEP Status //ST=,peep_i,A(1),lkup_field_stat_cd,,,,,
450,Lung PO2 on FiO2 terminal value of //ST=,po2_fio2_i,A(1),lkup_field_stat_cd,,,,,
451,Ventilator mode:,ventilator_mode,N(5),lkup_ventilator_mode,3004921,Ventilation mode [Identifier] Ventilator,Measurement,Clinical Observation,LOINC
452,Ventilator mode://Specify:,ventilator_mode_ostxt,A(50),,,,,,
453,"Any Extracorporeal Support Given (ECMO, etc.):",extracorporeal_support,A(1),,21498858,Extracorporeal life support (ECLS)/Extracorporeal membrane oxygenation (ECMO),Meas Value,Answer,LOINC
454,Extracorporeal Support//How Long?,extracorporeal_support_min,N(5),,,,,,
455,Extracorporeal Support How Long?//ST=,extracorporeal_support_min_i,A(1),lkup_field_stat_cd,,,,,
456,Extracorporeal Support//Flow rate:,flow_rate,N(11),,,,,,
457,Extracorporeal Support Flow rate://ST=,flow_rate_i,A(1),lkup_field_stat_cd,,,,,
458,Left Kidney//Type of biopsy:,lt_ki_biopsy_ty,N(5),lkup_biopsy_ty_ddr,,,,,
459,Left Kidney Type of biopsy //Specify:,lt_ki_biopsy_ty_ostxt,A(50),,,,,,
460,Left Kidney//Interstitial Fibrosis:,lt_ki_interstitial_fibrosis,N(5),lkup_donor_biopsy_extent,,,,,
461,Left Kidney//Vascular changes:,lt_ki_vascular_changes,N(5),lkup_donor_biopsy_extent,,,,,
462,Left Kidney//Number of Glomeruli visualized,lt_ki_glomerul_count,N(11),,,,,,
463,Type of Left Kidney Pump/Machine:,lt_ki_pump_ty,N(5),lkup_ki_pump_device,,,,,
464,Type of Left Kidney Pump/Machine //Specify:,lt_ki_pump_ty_ostxt,A(50),,,,,,
465,Right Kidney//Type of biopsy:,rt_ki_biopsy_ty,N(5),lkup_biopsy_ty_ddr,,,,,
466,Right Kidney Type of biopsy //Specify:,rt_ki_biopsy_ty_ostxt,A(50),,,,,,
467,Right Kidney//Interstitial Fibrosis:,rt_ki_interstitial_fibrosis,N(5),lkup_donor_biopsy_extent,,,,,
468,Right Kidney//Vascular changes:,rt_ki_vascular_changes,N(5),lkup_donor_biopsy_extent,,,,,
469,Right Kidney//Number of Glomeruli visualized,rt_ki_glomerul_count,N(11),,,,,,
470,Type of Right Kidney Pump/Machine:,rt_ki_pump_ty,N(5),lkup_ki_pump_device,,,,,
471,Type of Right Kidney Pump/Machine //Specify:,rt_ki_pump_ty_ostxt,A(50),,,,,,
472,Type of Liver Biopsy,li_biopsy_ty,N(5),lkup_biopsy_ty_ddr,,,,,
473,Type of Liver Biopsy //Specify:,li_biopsy_ty_ostxt,A(50),,,,,,
474,Fibrosis:,li_fibrosis,N(5),lkup_fibrosis,4012171,Fibrosis,Observation,Morph Abnormality,SNOMED
475,Portal Infiltrates:,li_portal_infiltrates,N(5),lkup_portal_infiltrates,,,,,
476,Liver Machine Perfusion:,li_machine_perfusion,A(1),,,,,,
477,Type of Liver Machine Perfusion:,li_machine_perfusion_ty,N(5),lkup_liver_perfusion,,,,,
478,Type of Liver Machine Perfusion //Specify:,li_machine_perfusion_ty_ostxt,A(50),,,,,,
479,Left Lung Machine Perfusion Intended or Performed:,lt_lung_machine_perfusion,A(1),,,,,,
480,Right Lung Machine Perfusion Intended or Performed:,rt_lung_machine_perfusion,A(1),,,,,,
481,Pancreas//Back Table Flush Solution Volume:,back_tbl_flush_volume,N(11),,,,,,
482,Back Table Flush Solution Volume: - Pancreas //ST=,back_tbl_flush_volume_i,A(1),lkup_field_stat_cd,,,,,
483,PAS1//Back Table Flush Solution Volume:,back_tbl_flush_volume,N(11),,,,,,
484,Back Table Flush Solution Volume: - PAS1 //ST=,back_tbl_flush_volume_i,A(1),lkup_field_stat_cd,,,,,
485,PAS2//Back Table Flush Solution Volume:,back_tbl_flush_volume,N(11),,,,,,
486,Back Table Flush Solution Volume: - PAS2 //ST=,back_tbl_flush_volume_i,A(1),lkup_field_stat_cd,,,,,
487,Liver //Back Table Flush Solution Volume:,back_tbl_flush_volume,N(11),,,,,,
488,Back Table Flush Solution Volume: - Liver //ST=,back_tbl_flush_volume_i,A(1),lkup_field_stat_cd,,,,,
489,LIS1//Back Table Flush Solution Volume:,back_tbl_flush_volume,N(11),,,,,,
490,Back Table Flush Solution Volume: -LIS1 //ST=,back_tbl_flush_volume_i,A(1),lkup_field_stat_cd,,,,,
491,LIS2//Back Table Flush Solution Volume:,back_tbl_flush_volume,N(11),,,,,,
492,Back Table Flush Solution Volume: -LIS2 //ST=,back_tbl_flush_volume_i,A(1),lkup_field_stat_cd,,,,,
493,Pancreas//Initial Flush Solution Volume:,initial_flush_volume,N(11),,,,,,
494,Initial Flush Solution Volume - Pancreas //ST=,initial_flush_volume_i,A(1),lkup_field_stat_cd,,,,,
495,PAS1//Initial Flush Solution Volume:,initial_flush_volume,N(11),,,,,,
496,Initial Flush Solution Volume - PAS1 //ST=,initial_flush_volume_i,A(1),lkup_field_stat_cd,,,,,
497,PAS2//Initial Flush Solution Volume:,initial_flush_volume,N(11),,,,,,
498,Initial Flush Solution Volume - PAS2 //ST=,initial_flush_volume_i,A(1),lkup_field_stat_cd,,,,,
499,Liver //Initial Flush Solution Volume:,initial_flush_volume,N(11),,,,,,
500,Initial Flush Solution Volume - Liver //ST=,initial_flush_volume_i,A(1),lkup_field_stat_cd,,,,,
501,LIS1//Initial Flush Solution Volume:,initial_flush_volume,N(11),,,,,,
502,Initial Flush Solution Volume -LIS1 //ST=,initial_flush_volume_i,A(1),lkup_field_stat_cd,,,,,
503,LIS2//Initial Flush Solution Volume:,initial_flush_volume,N(11),,,,,,
504,Initial Flush Solution Volume -LIS2 //ST=,initial_flush_volume_i,A(1),lkup_field_stat_cd,,,,,
505,Advanced Directive,consent_advanced_dir,N(1),,46234705,Advance directive,Measurement,Clinical Observation,LOINC
506,Chagas Serology Results:,chagas_serology,A(2),lkup_serology_stat,,,,,
507,Left Kidney //Number of Glomeruli visualized //ST=,lt_ki_glomerul_count_i,A(1),lkup_field_stat_cd,,,,,
508,Right Kidney //Number of Glomeruli visualized //ST=,rt_ki_glomerul_count_i,A(1),lkup_field_stat_cd,,,,,
508,Fullname:,Fullname,A(50),,,,,,
,,,,,,,,,
,,,,,,,,,